CEMBA171206_3C,/projects/ren-transposon/home/yangli/projects/CEMBA/00.data/archive/3C/CEMBA171206_3C/processed/CEMBA171206_3C.bam,exist
CEMBA171207_3C,/projects/ren-transposon/home/yangli/projects/CEMBA/00.data/archive/3C/CEMBA171207_3C/processed/CEMBA171207_3C.bam,exist
CEMBA171213_4B,/projects/ren-transposon/home/yangli/projects/CEMBA/00.data/archive/4B/CEMBA171213_4B/processed/CEMBA171213_4B.bam,exist
CEMBA171214_4D,/projects/ren-transposon/home/yangli/projects/CEMBA/00.data/archive/4D/CEMBA171214_4D/processed/CEMBA171214_4D.bam,exist
CEMBA171219_4D,/projects/ren-transposon/home/yangli/projects/CEMBA/00.data/archive/4D/CEMBA171219_4D/processed/CEMBA171219_4D.bam,exist
CEMBA180104_4B,/projects/ren-transposon/home/yangli/projects/CEMBA/00.data/archive/4B/CEMBA180104_4B/processed/CEMBA180104_4B.bam,exist
CEMBA180105_3F,/projects/ren-transposon/home/yangli/projects/CEMBA/00.data/archive/3F/CEMBA180105_3F/processed/CEMBA180105_3F.bam,exist
CEMBA180109_3F,/projects/ren-transposon/home/yangli/projects/CEMBA/00.data/archive/3F/CEMBA180109_3F/processed/CEMBA180109_3F.bam,exist
CEMBA180110_4E,/projects/ren-transposon/home/yangli/projects/CEMBA/00.data/archive/4E/CEMBA180110_4E/processed/CEMBA180110_4E.bam,exist
CEMBA180111_4E,/projects/ren-transposon/home/yangli/projects/CEMBA/00.data/archive/4E/CEMBA180111_4E/processed/CEMBA180111_4E.bam,exist
CEMBA180119_1B,/projects/ren-transposon/home/yangli/projects/CEMBA/00.data/archive/1B/CEMBA180119_1B/processed/CEMBA180119_1B.bam,exist
CEMBA180123_2A,/projects/ren-transposon/home/yangli/projects/CEMBA/00.data/archive/2A/CEMBA180123_2A/processed/CEMBA180123_2A.bam,exist
CEMBA180129_3A,/projects/ren-transposon/home/yangli/projects/CEMBA/00.data/archive/3A/CEMBA180129_3A/processed/CEMBA180129_3A.bam,exist
CEMBA180130_3A,/projects/ren-transposon/home/yangli/projects/CEMBA/00.data/archive/3A/CEMBA180130_3A/processed/CEMBA180130_3A.bam,exist
CEMBA180205_4A,/projects/ren-transposon/home/yangli/projects/CEMBA/00.data/archive/4A/CEMBA180205_4A/processed/CEMBA180205_4A.bam,exist
CEMBA180206_4A,/projects/ren-transposon/home/yangli/projects/CEMBA/00.data/archive/4A/CEMBA180206_4A/processed/CEMBA180206_4A.bam,exist
CEMBA180208_1C,/projects/ren-transposon/home/yangli/projects/CEMBA/00.data/archive/1C/CEMBA180208_1C/processed/CEMBA180208_1C.bam,exist
CEMBA180212_1C,/projects/ren-transposon/home/yangli/projects/CEMBA/00.data/archive/1C/CEMBA180212_1C/processed/CEMBA180212_1C.bam,exist
CEMBA180213_1B,/projects/ren-transposon/home/yangli/projects/CEMBA/00.data/archive/1B/CEMBA180213_1B/processed/CEMBA180213_1B.bam,exist
CEMBA180222_2E,/projects/ren-transposon/home/yangli/projects/CEMBA/00.data/archive/2E/CEMBA180222_2E/processed/CEMBA180222_2E.bam,exist
CEMBA180226_1A,/projects/ren-transposon/home/yangli/projects/CEMBA/00.data/archive/1A/CEMBA180226_1A/processed/CEMBA180226_1A.bam,exist
CEMBA180227_1A,/projects/ren-transposon/home/yangli/projects/CEMBA/00.data/archive/1A/CEMBA180227_1A/processed/CEMBA180227_1A.bam,exist
CEMBA180305_2B,/projects/ren-transposon/home/yangli/projects/CEMBA/00.data/archive/2B/CEMBA180305_2B/processed/CEMBA180305_2B.bam,exist
CEMBA180306_2B,/projects/ren-transposon/home/yangli/projects/CEMBA/00.data/archive/2B/CEMBA180306_2B/processed/CEMBA180306_2B.bam,exist
CEMBA180308_3B,/projects/ren-transposon/home/yangli/projects/CEMBA/00.data/archive/3B/CEMBA180308_3B/processed/CEMBA180308_3B.bam,exist
CEMBA180312_3B,/projects/ren-transposon/home/yangli/projects/CEMBA/00.data/archive/3B/CEMBA180312_3B/processed/CEMBA180312_3B.bam,exist
CEMBA180313_2D,/projects/ren-transposon/home/yangli/projects/CEMBA/00.data/archive/2D/CEMBA180313_2D/processed/CEMBA180313_2D.bam,exist
CEMBA180319_2D,/projects/ren-transposon/home/yangli/projects/CEMBA/00.data/archive/2D/CEMBA180319_2D/processed/CEMBA180319_2D.bam,exist
CEMBA180320_3E,/projects/ren-transposon/home/yangli/projects/CEMBA/00.data/archive/3E/CEMBA180320_3E/processed/CEMBA180320_3E.bam,exist
CEMBA180326_3E,/projects/ren-transposon/home/yangli/projects/CEMBA/00.data/archive/3E/CEMBA180326_3E/processed/CEMBA180326_3E.bam,exist
CEMBA180329_4F,/projects/ren-transposon/home/yangli/projects/CEMBA/00.data/archive/4F/CEMBA180329_4F/processed/CEMBA180329_4F.bam,exist
CEMBA180402_4F,/projects/ren-transposon/home/yangli/projects/CEMBA/00.data/archive/4F/CEMBA180402_4F/processed/CEMBA180402_4F.bam,exist
CEMBA180409_2C,/projects/ren-transposon/home/yangli/projects/CEMBA/00.data/archive/2C/CEMBA180409_2C/processed/CEMBA180409_2C.bam,exist
CEMBA180410_2C,/projects/ren-transposon/home/yangli/projects/CEMBA/00.data/archive/2C/CEMBA180410_2C/processed/CEMBA180410_2C.bam,exist
CEMBA180412_3D,/projects/ren-transposon/home/yangli/projects/CEMBA/00.data/archive/3D/CEMBA180412_3D/processed/CEMBA180412_3D.bam,exist
CEMBA180416_3D,/projects/ren-transposon/home/yangli/projects/CEMBA/00.data/archive/3D/CEMBA180416_3D/processed/CEMBA180416_3D.bam,exist
CEMBA180417_4C,/projects/ren-transposon/home/yangli/projects/CEMBA/00.data/archive/4C/CEMBA180417_4C/processed/CEMBA180417_4C.bam,exist
CEMBA180419_4C,/projects/ren-transposon/home/yangli/projects/CEMBA/00.data/archive/4C/CEMBA180419_4C/processed/CEMBA180419_4C.bam,exist
CEMBA180426_8B,/projects/ren-transposon/home/yangli/projects/CEMBA/00.data/archive/8B/CEMBA180426_8B/processed/CEMBA180426_8B.bam,exist
CEMBA180430_8B,/projects/ren-transposon/home/yangli/projects/CEMBA/00.data/archive/8B/CEMBA180430_8B/processed/CEMBA180430_8B.bam,exist
CEMBA180514_5B,/projects/ren-transposon/home/yangli/projects/CEMBA/00.data/archive/5B/CEMBA180514_5B/processed/CEMBA180514_5B.bam,exist
CEMBA180529_5B,/projects/ren-transposon/home/yangli/projects/CEMBA/00.data/archive/5B/CEMBA180529_5B/processed/CEMBA180529_5B.bam,exist
CEMBA180612_5D,/projects/ren-transposon/home/yangli/projects/CEMBA/00.data/archive/5D/CEMBA180612_5D/processed/CEMBA180612_5D.bam,exist
CEMBA180618_5D,/projects/ren-transposon/home/yangli/projects/CEMBA/00.data/archive/5D/CEMBA180618_5D/processed/CEMBA180618_5D.bam,exist
CEMBA180619_4G,/projects/ren-transposon/home/yangli/projects/CEMBA/00.data/archive/4G/CEMBA180619_4G/processed/CEMBA180619_4G.bam,exist
CEMBA180723_4G,/projects/ren-transposon/home/yangli/projects/CEMBA/00.data/archive/4G/CEMBA180723_4G/processed/CEMBA180723_4G.bam,exist
CEMBA180724_4H,/projects/ren-transposon/home/yangli/projects/CEMBA/00.data/archive/4H/CEMBA180724_4H/processed/CEMBA180724_4H.bam,exist
CEMBA180730_4H,/projects/ren-transposon/home/yangli/projects/CEMBA/00.data/archive/4H/CEMBA180730_4H/processed/CEMBA180730_4H.bam,exist
CEMBA180731_5A,/projects/ren-transposon/home/yangli/projects/CEMBA/00.data/archive/5A/CEMBA180731_5A/processed/CEMBA180731_5A.bam,exist
CEMBA180807_5A,/projects/ren-transposon/home/yangli/projects/CEMBA/00.data/archive/5A/CEMBA180807_5A/processed/CEMBA180807_5A.bam,exist
CEMBA180813_5E,/projects/ren-transposon/home/yangli/projects/CEMBA/00.data/archive/5E/CEMBA180813_5E/processed/CEMBA180813_5E.bam,exist
CEMBA180820_5E,/projects/ren-transposon/home/yangli/projects/CEMBA/00.data/archive/5E/CEMBA180820_5E/processed/CEMBA180820_5E.bam,exist
CEMBA180904_5J,/projects/ren-transposon/home/yangli/projects/CEMBA/00.data/archive/5J/CEMBA180904_5J/processed/CEMBA180904_5J.bam,exist
CEMBA180910_5J,/projects/ren-transposon/home/yangli/projects/CEMBA/00.data/archive/5J/CEMBA180910_5J/processed/CEMBA180910_5J.bam,exist
CEMBA181001_5C,/projects/ren-transposon/home/yangli/projects/CEMBA/00.data/archive/5C/CEMBA181001_5C/processed/CEMBA181001_5C.bam,exist
CEMBA181002_5C,/projects/ren-transposon/home/yangli/projects/CEMBA/00.data/archive/5C/CEMBA181002_5C/processed/CEMBA181002_5C.bam,exist
CEMBA181008_5G,/projects/ren-transposon/home/yangli/projects/CEMBA/00.data/archive/5G/CEMBA181008_5G/processed/CEMBA181008_5G.bam,exist
CEMBA181009_5G,/projects/ren-transposon/home/yangli/projects/CEMBA/00.data/archive/5G/CEMBA181009_5G/processed/CEMBA181009_5G.bam,exist
CEMBA181015_5H,/projects/ren-transposon/home/yangli/projects/CEMBA/00.data/archive/5H/CEMBA181015_5H/processed/CEMBA181015_5H.bam,exist
CEMBA181016_5H,/projects/ren-transposon/home/yangli/projects/CEMBA/00.data/archive/5H/CEMBA181016_5H/processed/CEMBA181016_5H.bam,exist
CEMBA181022_6B,/projects/ren-transposon/home/yangli/projects/CEMBA/00.data/archive/6B/CEMBA181022_6B/processed/CEMBA181022_6B.bam,exist
CEMBA181023_6B,/projects/ren-transposon/home/yangli/projects/CEMBA/00.data/archive/6B/CEMBA181023_6B/processed/CEMBA181023_6B.bam,exist
CEMBA181218_5F,/projects/ren-transposon/home/yangli/projects/CEMBA/00.data/archive/5F/CEMBA181218_5F/processed/CEMBA181218_5F.bam,exist
CEMBA181220_5F,/projects/ren-transposon/home/yangli/projects/CEMBA/00.data/archive/5F/CEMBA181220_5F/processed/CEMBA181220_5F.bam,exist
CEMBA190108_6A,/projects/ren-transposon/home/yangli/projects/CEMBA/00.data/archive/6A/CEMBA190108_6A/processed/CEMBA190108_6A.bam,exist
CEMBA190110_7B,/projects/ren-transposon/home/yangli/projects/CEMBA/00.data/archive/7B/CEMBA190110_7B/processed/CEMBA190110_7B.bam,exist
CEMBA190115_7B,/projects/ren-transposon/home/yangli/projects/CEMBA/00.data/archive/7B/CEMBA190115_7B/processed/CEMBA190115_7B.bam,exist
CEMBA190117_6A,/projects/ren-transposon/home/yangli/projects/CEMBA/00.data/archive/6A/CEMBA190117_6A/processed/CEMBA190117_6A.bam,exist
CEMBA190122_6C,/projects/ren-transposon/home/yangli/projects/CEMBA/00.data/archive/6C/CEMBA190122_6C/processed/CEMBA190122_6C.bam,exist
CEMBA190124_6C,/projects/ren-transposon/home/yangli/projects/CEMBA/00.data/archive/6C/CEMBA190124_6C/processed/CEMBA190124_6C.bam,exist
CEMBA190131_6D,/projects/ren-transposon/home/yangli/projects/CEMBA/00.data/archive/6D/CEMBA190131_6D/processed/CEMBA190131_6D.bam,exist
CEMBA190205_6D,/projects/ren-transposon/home/yangli/projects/CEMBA/00.data/archive/6D/CEMBA190205_6D/processed/CEMBA190205_6D.bam,exist
CEMBA190207_2A,/projects/ren-transposon/home/yangli/projects/CEMBA/00.data/archive/2A/CEMBA190207_2A/processed/CEMBA190207_2A.bam,exist
CEMBA190207_2E,/projects/ren-transposon/home/yangli/projects/CEMBA/00.data/archive/2E/CEMBA190207_2E/processed/CEMBA190207_2E.bam,exist
CEMBA190212_9H,/projects/ren-transposon/home/yangli/projects/CEMBA/00.data/archive/9H/CEMBA190212_9H/processed/CEMBA190212_9H.bam,exist
CEMBA190212_9J,/projects/ren-transposon/home/yangli/projects/CEMBA/00.data/archive/9J/CEMBA190212_9J/processed/CEMBA190212_9J.bam,exist
CEMBA190214_11E,/projects/ren-transposon/home/yangli/projects/CEMBA/00.data/archive/11E/CEMBA190214_11E/processed/CEMBA190214_11E.bam,exist
CEMBA190214_11F,/projects/ren-transposon/home/yangli/projects/CEMBA/00.data/archive/11F/CEMBA190214_11F/processed/CEMBA190214_11F.bam,exist
CEMBA190219_9H,/projects/ren-transposon/home/yangli/projects/CEMBA/00.data/archive/9H/CEMBA190219_9H/processed/CEMBA190219_9H.bam,exist
CEMBA190219_9J,/projects/ren-transposon/home/yangli/projects/CEMBA/00.data/archive/9J/CEMBA190219_9J/processed/CEMBA190219_9J.bam,exist
CEMBA190305_11E,/projects/ren-transposon/home/yangli/projects/CEMBA/00.data/archive/11E/CEMBA190305_11E/processed/CEMBA190305_11E.bam,exist
CEMBA190305_11F,/projects/ren-transposon/home/yangli/projects/CEMBA/00.data/archive/11F/CEMBA190305_11F/processed/CEMBA190305_11F.bam,exist
CEMBA190314_11B,/projects/ren-transposon/home/yangli/projects/CEMBA/00.data/archive/11B/CEMBA190314_11B/processed/CEMBA190314_11B.bam,exist
CEMBA190314_12B,/projects/ren-transposon/home/yangli/projects/CEMBA/00.data/archive/12B/CEMBA190314_12B/processed/CEMBA190314_12B.bam,exist
CEMBA190325_11B,/projects/ren-transposon/home/yangli/projects/CEMBA/00.data/archive/11B/CEMBA190325_11B/processed/CEMBA190325_11B.bam,exist
CEMBA190325_12B,/projects/ren-transposon/home/yangli/projects/CEMBA/00.data/archive/12B/CEMBA190325_12B/processed/CEMBA190325_12B.bam,exist
CEMBA190326_9B,/projects/ren-transposon/home/yangli/projects/CEMBA/00.data/archive/9B/CEMBA190326_9B/processed/CEMBA190326_9B.bam,exist
CEMBA190326_9D,/projects/ren-transposon/home/yangli/projects/CEMBA/00.data/archive/9D/CEMBA190326_9D/processed/CEMBA190326_9D.bam,exist
CEMBA190404_9B,/projects/ren-transposon/home/yangli/projects/CEMBA/00.data/archive/9B/CEMBA190404_9B/processed/CEMBA190404_9B.bam,exist
CEMBA190404_9D,/projects/ren-transposon/home/yangli/projects/CEMBA/00.data/archive/9D/CEMBA190404_9D/processed/CEMBA190404_9D.bam,exist
CEMBA190411_10C,/projects/ren-transposon/home/yangli/projects/CEMBA/00.data/archive/10C/CEMBA190411_10C/processed/CEMBA190411_10C.bam,exist
CEMBA190411_9A,/projects/ren-transposon/home/yangli/projects/CEMBA/00.data/archive/9A/CEMBA190411_9A/processed/CEMBA190411_9A.bam,exist
CEMBA190418_10C,/projects/ren-transposon/home/yangli/projects/CEMBA/00.data/archive/10C/CEMBA190418_10C/processed/CEMBA190418_10C.bam,exist
CEMBA190418_9A,/projects/ren-transposon/home/yangli/projects/CEMBA/00.data/archive/9A/CEMBA190418_9A/processed/CEMBA190418_9A.bam,exist
CEMBA190423_10A,/projects/ren-transposon/home/yangli/projects/CEMBA/00.data/archive/10A/CEMBA190423_10A/processed/CEMBA190423_10A.bam,exist
CEMBA190423_10G,/projects/ren-transposon/home/yangli/projects/CEMBA/00.data/archive/10G/CEMBA190423_10G/processed/CEMBA190423_10G.bam,exist
CEMBA190523_10A,/projects/ren-transposon/home/yangli/projects/CEMBA/00.data/archive/10A/CEMBA190523_10A/processed/CEMBA190523_10A.bam,exist
CEMBA190523_10G,/projects/ren-transposon/home/yangli/projects/CEMBA/00.data/archive/10G/CEMBA190523_10G/processed/CEMBA190523_10G.bam,exist
CEMBA190530_11C,/projects/ren-transposon/home/yangli/projects/CEMBA/00.data/archive/11C/CEMBA190530_11C/processed/CEMBA190530_11C.bam,exist
CEMBA190530_9C,/projects/ren-transposon/home/yangli/projects/CEMBA/00.data/archive/9C/CEMBA190530_9C/processed/CEMBA190530_9C.bam,exist
CEMBA190620_11C,/projects/ren-transposon/home/yangli/projects/CEMBA/00.data/archive/11C/CEMBA190620_11C/processed/CEMBA190620_11C.bam,exist
CEMBA190620_9C,/projects/ren-transposon/home/yangli/projects/CEMBA/00.data/archive/9C/CEMBA190620_9C/processed/CEMBA190620_9C.bam,exist
CEMBA190625_10E,/projects/ren-transposon/home/yangli/projects/CEMBA/00.data/archive/10E/CEMBA190625_10E/processed/CEMBA190625_10E.bam,exist
CEMBA190625_10F,/projects/ren-transposon/home/yangli/projects/CEMBA/00.data/archive/10F/CEMBA190625_10F/processed/CEMBA190625_10F.bam,exist
CEMBA190627_10E,/projects/ren-transposon/home/yangli/projects/CEMBA/00.data/archive/10E/CEMBA190627_10E/processed/CEMBA190627_10E.bam,exist
CEMBA190627_10F,/projects/ren-transposon/home/yangli/projects/CEMBA/00.data/archive/10F/CEMBA190627_10F/processed/CEMBA190627_10F.bam,exist
CEMBA190702_7G,/projects/ren-transposon/home/yangli/projects/CEMBA/00.data/archive/7G/CEMBA190702_7G/processed/CEMBA190702_7G.bam,exist
CEMBA190709_7G,/projects/ren-transposon/home/yangli/projects/CEMBA/00.data/archive/7G/CEMBA190709_7G/processed/CEMBA190709_7G.bam,exist
CEMBA190711_8E,/projects/ren-transposon/home/yangli/projects/CEMBA/00.data/archive/8E/CEMBA190711_8E/processed/CEMBA190711_8E.bam,exist
CEMBA190711_8J,/projects/ren-transposon/home/yangli/projects/CEMBA/00.data/archive/8J/CEMBA190711_8J/processed/CEMBA190711_8J.bam,exist
CEMBA190716_8E,/projects/ren-transposon/home/yangli/projects/CEMBA/00.data/archive/8E/CEMBA190716_8E/processed/CEMBA190716_8E.bam,exist
CEMBA190716_8J,/projects/ren-transposon/home/yangli/projects/CEMBA/00.data/archive/8J/CEMBA190716_8J/processed/CEMBA190716_8J.bam,exist
CEMBA190718_6E,/projects/ren-transposon/home/yangli/projects/CEMBA/00.data/archive/6E/CEMBA190718_6E/processed/CEMBA190718_6E.bam,exist
CEMBA190718_8F,/projects/ren-transposon/home/yangli/projects/CEMBA/00.data/archive/8F/CEMBA190718_8F/processed/CEMBA190718_8F.bam,exist
CEMBA190723_6E,/projects/ren-transposon/home/yangli/projects/CEMBA/00.data/archive/6E/CEMBA190723_6E/processed/CEMBA190723_6E.bam,exist
CEMBA190723_8F,/projects/ren-transposon/home/yangli/projects/CEMBA/00.data/archive/8F/CEMBA190723_8F/processed/CEMBA190723_8F.bam,exist
CEMBA190725_10B,/projects/ren-transposon/home/yangli/projects/CEMBA/00.data/archive/10B/CEMBA190725_10B/processed/CEMBA190725_10B.bam,exist
CEMBA190725_13A,/projects/ren-transposon/home/yangli/projects/CEMBA/00.data/archive/13A/CEMBA190725_13A/processed/CEMBA190725_13A.bam,exist
CEMBA190730_10B,/projects/ren-transposon/home/yangli/projects/CEMBA/00.data/archive/10B/CEMBA190730_10B/processed/CEMBA190730_10B.bam,exist
CEMBA190730_13A,/projects/ren-transposon/home/yangli/projects/CEMBA/00.data/archive/13A/CEMBA190730_13A/processed/CEMBA190730_13A.bam,exist
CEMBA191008_12A,/projects/ren-transposon/home/yangli/projects/CEMBA/00.data/archive/12A/CEMBA191008_12A/processed/CEMBA191008_12A.bam,exist
CEMBA191008_7A,/projects/ren-transposon/home/yangli/projects/CEMBA/00.data/archive/7A/CEMBA191008_7A/processed/CEMBA191008_7A.bam,exist
CEMBA191017_12A,/projects/ren-transposon/home/yangli/projects/CEMBA/00.data/archive/12A/CEMBA191017_12A/processed/CEMBA191017_12A.bam,exist
CEMBA191017_7A,/projects/ren-transposon/home/yangli/projects/CEMBA/00.data/archive/7A/CEMBA191017_7A/processed/CEMBA191017_7A.bam,exist
CEMBA191024_11D,/projects/ren-transposon/home/yangli/projects/CEMBA/00.data/archive/11D/CEMBA191024_11D/processed/CEMBA191024_11D.bam,exist
CEMBA191024_12D,/projects/ren-transposon/home/yangli/projects/CEMBA/00.data/archive/12D/CEMBA191024_12D/processed/CEMBA191024_12D.bam,exist
CEMBA191031_11D,/projects/ren-transposon/home/yangli/projects/CEMBA/00.data/archive/11D/CEMBA191031_11D/processed/CEMBA191031_11D.bam,exist
CEMBA191031_12D,/projects/ren-transposon/home/yangli/projects/CEMBA/00.data/archive/12D/CEMBA191031_12D/processed/CEMBA191031_12D.bam,exist
CEMBA191107_11A,/projects/ren-transposon/home/yangli/projects/CEMBA/00.data/archive/11A/CEMBA191107_11A/processed/CEMBA191107_11A.bam,exist
CEMBA191107_8A,/projects/ren-transposon/home/yangli/projects/CEMBA/00.data/archive/8A/CEMBA191107_8A/processed/CEMBA191107_8A.bam,exist
CEMBA191114_11A,/projects/ren-transposon/home/yangli/projects/CEMBA/00.data/archive/11A/CEMBA191114_11A/processed/CEMBA191114_11A.bam,exist
CEMBA191114_8A,/projects/ren-transposon/home/yangli/projects/CEMBA/00.data/archive/8A/CEMBA191114_8A/processed/CEMBA191114_8A.bam,exist
CEMBA191205_7C,/projects/ren-transposon/home/yangli/projects/CEMBA/00.data/archive/7C/CEMBA191205_7C/processed/CEMBA191205_7C.bam,exist
CEMBA191205_8C,/projects/ren-transposon/home/yangli/projects/CEMBA/00.data/archive/8C/CEMBA191205_8C/processed/CEMBA191205_8C.bam,exist
CEMBA191212_7C,/projects/ren-transposon/home/yangli/projects/CEMBA/00.data/archive/7C/CEMBA191212_7C/processed/CEMBA191212_7C.bam,exist
CEMBA191212_8C,/projects/ren-transposon/home/yangli/projects/CEMBA/00.data/archive/8C/CEMBA191212_8C/processed/CEMBA191212_8C.bam,exist
CEMBA200305_7J,/projects/ren-transposon/home/yangli/projects/CEMBA/00.data/archive/7J/CEMBA200305_7J/processed/CEMBA200305_7J.bam,exist
CEMBA200305_9L,/projects/ren-transposon/home/yangli/projects/CEMBA/00.data/archive/9L/CEMBA200305_9L/processed/CEMBA200305_9L.bam,exist
CEMBA200312_6H,/projects/ren-transposon/home/yangli/projects/CEMBA/00.data/archive/6H/CEMBA200312_6H/processed/CEMBA200312_6H.bam,exist
CEMBA200312_8K,/projects/ren-transposon/home/yangli/projects/CEMBA/00.data/archive/8K/CEMBA200312_8K/processed/CEMBA200312_8K.bam,exist
CEMBA200319_6H,/projects/ren-transposon/home/yangli/projects/CEMBA/00.data/archive/6H/CEMBA200319_6H/processed/CEMBA200319_6H.bam,exist
CEMBA200319_8K,/projects/ren-transposon/home/yangli/projects/CEMBA/00.data/archive/8K/CEMBA200319_8K/processed/CEMBA200319_8K.bam,exist
CEMBA200520_7J,/projects/ren-transposon/home/yangli/projects/CEMBA/00.data/archive/7J/CEMBA200520_7J/processed/CEMBA200520_7J.bam,exist
CEMBA200520_9L,/projects/ren-transposon/home/yangli/projects/CEMBA/00.data/archive/9L/CEMBA200520_9L/processed/CEMBA200520_9L.bam,exist
CEMBA200709_8D,/projects/ren-transposon/home/yangli/projects/CEMBA/00.data/archive/8D/CEMBA200709_8D/processed/CEMBA200709_8D.bam,exist
CEMBA200709_9E,/projects/ren-transposon/home/yangli/projects/CEMBA/00.data/archive/9E/CEMBA200709_9E/processed/CEMBA200709_9E.bam,exist
CEMBA200714_6G,/projects/ren-transposon/home/yangli/projects/CEMBA/00.data/archive/6G/CEMBA200714_6G/processed/CEMBA200714_6G.bam,exist
CEMBA200714_7D,/projects/ren-transposon/home/yangli/projects/CEMBA/00.data/archive/7D/CEMBA200714_7D/processed/CEMBA200714_7D.bam,exist
CEMBA200723_6F,/projects/ren-transposon/home/yangli/projects/CEMBA/00.data/archive/6F/CEMBA200723_6F/processed/CEMBA200723_6F.bam,exist
CEMBA200723_7F,/projects/ren-transposon/home/yangli/projects/CEMBA/00.data/archive/7F/CEMBA200723_7F/processed/CEMBA200723_7F.bam,exist
CEMBA200728_6F,/projects/ren-transposon/home/yangli/projects/CEMBA/00.data/archive/6F/CEMBA200728_6F/processed/CEMBA200728_6F.bam,exist
CEMBA200728_7F,/projects/ren-transposon/home/yangli/projects/CEMBA/00.data/archive/7F/CEMBA200728_7F/processed/CEMBA200728_7F.bam,exist
CEMBA200730_11H,/projects/ren-transposon/home/yangli/projects/CEMBA/00.data/archive/11H/CEMBA200730_11H/processed/CEMBA200730_11H.bam,exist
CEMBA200730_12H,/projects/ren-transposon/home/yangli/projects/CEMBA/00.data/archive/12H/CEMBA200730_12H/processed/CEMBA200730_12H.bam,exist
CEMBA200813_11H,/projects/ren-transposon/home/yangli/projects/CEMBA/00.data/archive/11H/CEMBA200813_11H/processed/CEMBA200813_11H.bam,exist
CEMBA200813_12H,/projects/ren-transposon/home/yangli/projects/CEMBA/00.data/archive/12H/CEMBA200813_12H/processed/CEMBA200813_12H.bam,exist
CEMBA200820_12E,/projects/ren-transposon/home/yangli/projects/CEMBA/00.data/archive/12E/CEMBA200820_12E/processed/CEMBA200820_12E.bam,exist
CEMBA200820_7H,/projects/ren-transposon/home/yangli/projects/CEMBA/00.data/archive/7H/CEMBA200820_7H/processed/CEMBA200820_7H.bam,exist
CEMBA200827_12E,/projects/ren-transposon/home/yangli/projects/CEMBA/00.data/archive/12E/CEMBA200827_12E/processed/CEMBA200827_12E.bam,exist
CEMBA200827_7H,/projects/ren-transposon/home/yangli/projects/CEMBA/00.data/archive/7H/CEMBA200827_7H/processed/CEMBA200827_7H.bam,exist
CEMBA200903_8H,/projects/ren-transposon/home/yangli/projects/CEMBA/00.data/archive/8H/CEMBA200903_8H/processed/CEMBA200903_8H.bam,exist
CEMBA200903_9G,/projects/ren-transposon/home/yangli/projects/CEMBA/00.data/archive/9G/CEMBA200903_9G/processed/CEMBA200903_9G.bam,exist
CEMBA200910_8H,/projects/ren-transposon/home/yangli/projects/CEMBA/00.data/archive/8H/CEMBA200910_8H/processed/CEMBA200910_8H.bam,exist
CEMBA200910_9G,/projects/ren-transposon/home/yangli/projects/CEMBA/00.data/archive/9G/CEMBA200910_9G/processed/CEMBA200910_9G.bam,exist
CEMBA200917_13D,/projects/ren-transposon/home/yangli/projects/CEMBA/00.data/archive/13D/CEMBA200917_13D/processed/CEMBA200917_13D.bam,exist
CEMBA200917_14C,/projects/ren-transposon/home/yangli/projects/CEMBA/00.data/archive/14C/CEMBA200917_14C/processed/CEMBA200917_14C.bam,exist
CEMBA200924_13D,/projects/ren-transposon/home/yangli/projects/CEMBA/00.data/archive/13D/CEMBA200924_13D/processed/CEMBA200924_13D.bam,exist
CEMBA200924_14C,/projects/ren-transposon/home/yangli/projects/CEMBA/00.data/archive/14C/CEMBA200924_14C/processed/CEMBA200924_14C.bam,exist
CEMBA201001_8L,/projects/ren-transposon/home/yangli/projects/CEMBA/00.data/archive/8L/CEMBA201001_8L/processed/CEMBA201001_8L.bam,exist
CEMBA201001_9F,/projects/ren-transposon/home/yangli/projects/CEMBA/00.data/archive/9F/CEMBA201001_9F/processed/CEMBA201001_9F.bam,exist
CEMBA201008_8L,/projects/ren-transposon/home/yangli/projects/CEMBA/00.data/archive/8L/CEMBA201008_8L/processed/CEMBA201008_8L.bam,exist
CEMBA201008_9F,/projects/ren-transposon/home/yangli/projects/CEMBA/00.data/archive/9F/CEMBA201008_9F/processed/CEMBA201008_9F.bam,exist
CEMBA201015_11K,/projects/ren-transposon/home/yangli/projects/CEMBA/00.data/archive/11K/CEMBA201015_11K/processed/CEMBA201015_11K.bam,exist
CEMBA201015_12C,/projects/ren-transposon/home/yangli/projects/CEMBA/00.data/archive/12C/CEMBA201015_12C/processed/CEMBA201015_12C.bam,exist
CEMBA201022_11K,/projects/ren-transposon/home/yangli/projects/CEMBA/00.data/archive/11K/CEMBA201022_11K/processed/CEMBA201022_11K.bam,exist
CEMBA201022_12C,/projects/ren-transposon/home/yangli/projects/CEMBA/00.data/archive/12C/CEMBA201022_12C/processed/CEMBA201022_12C.bam,exist
CEMBA201029_7E,/projects/ren-transposon/home/yangli/projects/CEMBA/00.data/archive/7E/CEMBA201029_7E/processed/CEMBA201029_7E.bam,exist
CEMBA201029_8G,/projects/ren-transposon/home/yangli/projects/CEMBA/00.data/archive/8G/CEMBA201029_8G/processed/CEMBA201029_8G.bam,exist
CEMBA201105_7E,/projects/ren-transposon/home/yangli/projects/CEMBA/00.data/archive/7E/CEMBA201105_7E/processed/CEMBA201105_7E.bam,exist
CEMBA201105_8G,/projects/ren-transposon/home/yangli/projects/CEMBA/00.data/archive/8G/CEMBA201105_8G/processed/CEMBA201105_8G.bam,exist
CEMBA201112_9Ka,/projects/ren-transposon/home/yangli/projects/CEMBA/00.data/archive/9Ka/CEMBA201112_9Ka/processed/CEMBA201112_9Ka.bam,exist
CEMBA201112_9Kb,/projects/ren-transposon/home/yangli/projects/CEMBA/00.data/archive/9Kb/CEMBA201112_9Kb/processed/CEMBA201112_9Kb.bam,exist
CEMBA201119_9Ka,/projects/ren-transposon/home/yangli/projects/CEMBA/00.data/archive/9Ka/CEMBA201119_9Ka/processed/CEMBA201119_9Ka.bam,exist
CEMBA201119_9Kb,/projects/ren-transposon/home/yangli/projects/CEMBA/00.data/archive/9Kb/CEMBA201119_9Kb/processed/CEMBA201119_9Kb.bam,exist
CEMBA201203_10D,/projects/ren-transposon/home/yangli/projects/CEMBA/00.data/archive/10D/CEMBA201203_10D/processed/CEMBA201203_10D.bam,exist
CEMBA201203_13B,/projects/ren-transposon/home/yangli/projects/CEMBA/00.data/archive/13B/CEMBA201203_13B/processed/CEMBA201203_13B.bam,exist
CEMBA201210_10D,/projects/ren-transposon/home/yangli/projects/CEMBA/00.data/archive/10D/CEMBA201210_10D/processed/CEMBA201210_10D.bam,exist
CEMBA201210_13B,/projects/ren-transposon/home/yangli/projects/CEMBA/00.data/archive/13B/CEMBA201210_13B/processed/CEMBA201210_13B.bam,exist
CEMBA201217_14B,/projects/ren-transposon/home/yangli/projects/CEMBA/00.data/archive/14B/CEMBA201217_14B/processed/CEMBA201217_14B.bam,exist
CEMBA201217_18A,/projects/ren-transposon/home/yangli/projects/CEMBA/00.data/archive/18A/CEMBA201217_18A/processed/CEMBA201217_18A.bam,exist
CEMBA20200707_8D,/projects/ren-transposon/home/yangli/projects/CEMBA/00.data/archive/8D/CEMBA20200707_8D/processed/CEMBA20200707_8D.bam,exist
CEMBA20200707_9E,/projects/ren-transposon/home/yangli/projects/CEMBA/00.data/archive/9E/CEMBA20200707_9E/processed/CEMBA20200707_9E.bam,exist
CEMBA20200721_6G,/projects/ren-transposon/home/yangli/projects/CEMBA/00.data/archive/6G/CEMBA20200721_6G/processed/CEMBA20200721_6G.bam,exist
CEMBA20200721_7D,/projects/ren-transposon/home/yangli/projects/CEMBA/00.data/archive/7D/CEMBA20200721_7D/processed/CEMBA20200721_7D.bam,exist
CEMBA210107_14B,/projects/ren-transposon/home/yangli/projects/CEMBA/00.data/archive/14B/CEMBA210107_14B/processed/CEMBA210107_14B.bam,exist
CEMBA210107_18A,/projects/ren-transposon/home/yangli/projects/CEMBA/00.data/archive/18A/CEMBA210107_18A/processed/CEMBA210107_18A.bam,exist
CEMBA210114_10H,/projects/ren-transposon/home/yangli/projects/CEMBA/00.data/archive/10H/CEMBA210114_10H/processed/CEMBA210114_10H.bam,exist
CEMBA210114_10J,/projects/ren-transposon/home/yangli/projects/CEMBA/00.data/archive/10J/CEMBA210114_10J/processed/CEMBA210114_10J.bam,exist
CEMBA210121_10H,/projects/ren-transposon/home/yangli/projects/CEMBA/00.data/archive/10H/CEMBA210121_10H/processed/CEMBA210121_10H.bam,exist
CEMBA210121_10J,/projects/ren-transposon/home/yangli/projects/CEMBA/00.data/archive/10J/CEMBA210121_10J/processed/CEMBA210121_10J.bam,exist
CEMBA210128_11G,/projects/ren-transposon/home/yangli/projects/CEMBA/00.data/archive/11G/CEMBA210128_11G/processed/CEMBA210128_11G.bam,exist
CEMBA210128_11J,/projects/ren-transposon/home/yangli/projects/CEMBA/00.data/archive/11J/CEMBA210128_11J/processed/CEMBA210128_11J.bam,exist
CEMBA210204_11G,/projects/ren-transposon/home/yangli/projects/CEMBA/00.data/archive/11G/CEMBA210204_11G/processed/CEMBA210204_11G.bam,exist
CEMBA210204_11J,/projects/ren-transposon/home/yangli/projects/CEMBA/00.data/archive/11J/CEMBA210204_11J/processed/CEMBA210204_11J.bam,exist
CEMBA210211_12F,/projects/ren-transposon/home/yangli/projects/CEMBA/00.data/archive/12F/CEMBA210211_12F/processed/CEMBA210211_12F.bam,exist
CEMBA210211_12G,/projects/ren-transposon/home/yangli/projects/CEMBA/00.data/archive/12G/CEMBA210211_12G/processed/CEMBA210211_12G.bam,exist
CEMBA210218_12F,/projects/ren-transposon/home/yangli/projects/CEMBA/00.data/archive/12F/CEMBA210218_12F/processed/CEMBA210218_12F.bam,exist
CEMBA210218_12G,/projects/ren-transposon/home/yangli/projects/CEMBA/00.data/archive/12G/CEMBA210218_12G/processed/CEMBA210218_12G.bam,exist
CEMBA210225_12J,/projects/ren-transposon/home/yangli/projects/CEMBA/00.data/archive/12J/CEMBA210225_12J/processed/CEMBA210225_12J.bam,exist
CEMBA210225_13C,/projects/ren-transposon/home/yangli/projects/CEMBA/00.data/archive/13C/CEMBA210225_13C/processed/CEMBA210225_13C.bam,exist
CEMBA210304_12J,/projects/ren-transposon/home/yangli/projects/CEMBA/00.data/archive/12J/CEMBA210304_12J/processed/CEMBA210304_12J.bam,exist
CEMBA210304_13C,/projects/ren-transposon/home/yangli/projects/CEMBA/00.data/archive/13C/CEMBA210304_13C/processed/CEMBA210304_13C.bam,exist
CEMBA210311_13E,/projects/ren-transposon/home/yangli/projects/CEMBA/00.data/archive/13E/CEMBA210311_13E/processed/CEMBA210311_13E.bam,exist
CEMBA210311_13F,/projects/ren-transposon/home/yangli/projects/CEMBA/00.data/archive/13F/CEMBA210311_13F/processed/CEMBA210311_13F.bam,exist
CEMBA210318_13E,/projects/ren-transposon/home/yangli/projects/CEMBA/00.data/archive/13E/CEMBA210318_13E/processed/CEMBA210318_13E.bam,exist
CEMBA210318_13F,/projects/ren-transposon/home/yangli/projects/CEMBA/00.data/archive/13F/CEMBA210318_13F/processed/CEMBA210318_13F.bam,exist
CEMBA210325_14A,/projects/ren-transposon/home/yangli/projects/CEMBA/00.data/archive/14A/CEMBA210325_14A/processed/CEMBA210325_14A.bam,exist
CEMBA210325_14D,/projects/ren-transposon/home/yangli/projects/CEMBA/00.data/archive/14D/CEMBA210325_14D/processed/CEMBA210325_14D.bam,exist
CEMBA210401_14A,/projects/ren-transposon/home/yangli/projects/CEMBA/00.data/archive/14A/CEMBA210401_14A/processed/CEMBA210401_14A.bam,exist
CEMBA210401_14D,/projects/ren-transposon/home/yangli/projects/CEMBA/00.data/archive/14D/CEMBA210401_14D/processed/CEMBA210401_14D.bam,exist
CEMBA210408_15C,/projects/ren-transposon/home/yangli/projects/CEMBA/00.data/archive/15C/CEMBA210408_15C/processed/CEMBA210408_15C.bam,exist
CEMBA210408_16C,/projects/ren-transposon/home/yangli/projects/CEMBA/00.data/archive/16C/CEMBA210408_16C/processed/CEMBA210408_16C.bam,exist
CEMBA210415_15C,/projects/ren-transposon/home/yangli/projects/CEMBA/00.data/archive/15C/CEMBA210415_15C/processed/CEMBA210415_15C.bam,exist
CEMBA210415_16C,/projects/ren-transposon/home/yangli/projects/CEMBA/00.data/archive/16C/CEMBA210415_16C/processed/CEMBA210415_16C.bam,exist
CEMBA210422_17B,/projects/ren-transposon/home/yangli/projects/CEMBA/00.data/archive/17B/CEMBA210422_17B/processed/CEMBA210422_17B.bam,exist
CEMBA210422_18B,/projects/ren-transposon/home/yangli/projects/CEMBA/00.data/archive/18B/CEMBA210422_18B/processed/CEMBA210422_18B.bam,exist
CEMBA210429_17B,/projects/ren-transposon/home/yangli/projects/CEMBA/00.data/archive/17B/CEMBA210429_17B/processed/CEMBA210429_17B.bam,exist
CEMBA210429_18B,/projects/ren-transposon/home/yangli/projects/CEMBA/00.data/archive/18B/CEMBA210429_18B/processed/CEMBA210429_18B.bam,exist
CEMBA210805_15B,/projects/ren-transposon/home/yangli/projects/CEMBA/00.data/archive/15B/CEMBA210805_15B/processed/CEMBA210805_15B.bam,exist
CEMBA210805_16A,/projects/ren-transposon/home/yangli/projects/CEMBA/00.data/archive/16A/CEMBA210805_16A/processed/CEMBA210805_16A.bam,exist
CEMBA210810_15B,/projects/ren-transposon/home/yangli/projects/CEMBA/00.data/archive/15B/CEMBA210810_15B/processed/CEMBA210810_15B.bam,exist
CEMBA210810_17A,/projects/ren-transposon/home/yangli/projects/CEMBA/00.data/archive/17A/CEMBA210810_17A/processed/CEMBA210810_17A.bam,exist
CEMBA210812_16A,/projects/ren-transposon/home/yangli/projects/CEMBA/00.data/archive/16A/CEMBA210812_16A/processed/CEMBA210812_16A.bam,exist
CEMBA210812_17A,/projects/ren-transposon/home/yangli/projects/CEMBA/00.data/archive/17A/CEMBA210812_17A/processed/CEMBA210812_17A.bam,exist
